{ 
  "movies" : 
  [
    {
      "title" : "Batman: The Killing Joke",
      "year" : "2016",
      "genres" : "Animation, Crime, Drama",
      "poster" : "https://images-na.ssl-images-amazon.com/images/M/MV5BODcxYTc5NmQtZTZjNS00MjRiLTgxMjQtN2VhYjY2YjdmMzYzXkEyXkFqcGdeQXVyNjUwNzk3NDc@._V1_UY268_CR23,0,182,268_AL_.jpg"
    },
    { 
      "title" : "Batman: The Dark Knight Returns, Part 2",
      "year" : "2013",
      "genres" : "Animation, Action, Crime",
      "poster" : "http://ia.media-imdb.com/images/M/MV5BMTQ1Mjk1NTY2NV5BMl5BanBnXkFtZTgwMTA2MDEwNzE@._V1_UY268_CR3,0,182,268_AL_.jpg"
    },
    {
      "title" : "Batman: The Dark Knight Returns, Part 1",
      "year" : "2012",
      "genres" : "Animation, Action, Crime",
      "poster" : "http://ia.media-imdb.com/images/M/MV5BMzIxMDkxNDM2M15BMl5BanBnXkFtZTcwMDA5ODY1OQ@@._V1_UX182_CR0,0,182,268_AL_.jpg"
    },
    {
      "title" : "Batman: Year One",
      "year" : "2011",
      "genres" : "Animation, Action, Crime",
      "poster" : "http://ia.media-imdb.com/images/M/MV5BMjE2MzMxNDQ1NF5BMl5BanBnXkFtZTcwNzE1NTI5Ng@@._V1_UY268_CR7,0,182,268_AL_.jpg"
    },
    {
      "title" : "Batman: Under the Red Hood",
      "year" : "2010",
      "genres" : "Animation, Action, Crime",
      "poster" : "http://ia.media-imdb.com/images/M/MV5BMTMwNDEyMjExOF5BMl5BanBnXkFtZTcwMzU4MDU0Mw@@._V1_UY268_CR6,0,182,268_AL_.jpg"
    },
    {
      "title" : "Batman: Gotham Knight",
      "year" : "2008",
      "genres" : "Animation, Action, Crime",
      "poster" : "http://ia.media-imdb.com/images/M/MV5BMTQ1NjExODcyNl5BMl5BanBnXkFtZTcwMTk0MDc4MQ@@._V1_UY268_CR3,0,182,268_AL_.jpg"
    }
  ]
}